Applied for,Full name,Gender,Email,Address - Country,Address - City,Address - Street,Available to start,Short introduction,Current salary,Did someone refer you to Vardot?,How did you hear about this job?,Resume
Quality Assurance Engineer,Yazid Abu Zarga,Male,abuzarga@hotmail.com,Jordan,Amman,Khalda,"Monday, 24 Apr, 2017",Iam available immediately to start work with your company.,780,,LinkedIn,https://www.vardot.com/sites/default/files/careers/cvs/cv_Yazid-Abu%20Zarga_15941_11871_1493013203.pdf
Quality Assurance Engineer,yazid abu zarfa,Male,abuzarga@hotmail.com,Jordan,amman,khalda,"Monday, 24 Apr, 2017",,780,,Google search,https://www.vardot.com/sites/default/files/careers/cvs/cv_yazid%20-abu%20zarfa_15946_11876_1493013412.pdf
UI/Web Designer,hani shaker,Male,hanishaker101@gmail.com,Egypt,cairo,cairo,"Monday, 01 May, 2017",,5500,,LinkedIn,https://www.vardot.com/sites/default/files/careers/cvs/cv_hani-shaker_15956_11881_1493060466.pdf
PHP Developer,amer shehadeh,Male,amercis1994@gmail.com,Jordan,amman,Hay-nazal,"Thursday, 15 Jun, 2017",,400,No,LinkedIn,https://www.vardot.com/sites/default/files/careers/cvs/cv_amer-shehadeh_15961_11886_1493103868.pdf
PHP Developer,Khaled Al Zaghmouri,Male,khaled.zaghmori@gmail.com,Jordan,Amman,Jabal Al Taj,"Thursday, 01 Jun, 2017",,,No,Friend/colleague,https://www.vardot.com/sites/default/files/careers/cvs/cv_Khaled-Al%20Zaghmouri_15966_11891_1493193501.pdf
Senior Drupal Developer/Engineer,Mohamed Osama,Male,mogbril@gmail.com,Egypt,cairo,Gamal Abdel naser street - gesr el swis,"Monday, 01 May, 2017",,7K EGP,,Google search,https://www.vardot.com/sites/default/files/careers/cvs/cv_Mohamed-Osama_15971_11896_1493209034.pdf
UI/Web Designer,Faysal Khader,Male,Fkhader93@gmail.com,Jordan,Amman,Al_Buniat,"Thursday, 01 Jun, 2017",,450,yes,Google search,https://www.vardot.com/sites/default/files/careers/cvs/cv_Faysal-Khader_15981_11901_1493294002.pdf
Business Development Manager,Rasheed AL-Hmoud,Male,rasheed_alhmoud@yahoo.com,Jordan,amman,amman,"Sunday, 14 May, 2017",,,no,Google search,https://www.vardot.com/sites/default/files/careers/cvs/cv_Rasheed%20-AL-Hmoud_15986_11906_1493634146.pdf
Quality Assurance Engineer,Yusra Alshurbaji,Female,yusraalshurbaji@gmail.com,Jordan,sport city,Amman,"Sunday, 04 Jun, 2017",,2000 JOD,Reham Fakhouri,Google search,https://www.vardot.com/sites/default/files/careers/cvs/cv_Yusra-Alshurbaji_15996_11911_1493799554.pdf